Salary,Education,NrSupervise,Nr Position,Responsibilty%,Number Children,Age,YearsExperience
16235,1,0,5,51,2,27,8
16579,1,0,1,50,3,24,1
45354,1,56,1,68,2,49,28
14672,1,1,1,44,0,22,2
37895,1,0,4,96,0,64,37
49600,3,61,4,81,1,40,20
32638,5,0,1,88,0,21,2
12521,3,5,3,27,2,29,6
16600,3,1,2,43,2,35,5
12952,1,3,2,24,1,40,14
33590,5,0,2,96,5,65,2
18286,3,0,1,44,6,57,8
2021,1,1,9,1,0,51,21
10462,1,33,6,2,1,32,10
3738,1,12,20,10,1,61,35
18902,3,0,2,51,5,30,5
12023,0,0,1,35,2,31,3
23154,0,18,6,57,1,46,17
10436,1,9,2,16,1,29,9
14923,1,1,1,44,6,27,3
18518,3,2,2,36,2,45,18
20882,1,0,2,61,1,48,4
22917,1,3,4,67,0,60,9
13168,0,3,9,18,4,59,40
16650,4,1,10,50,5,45,17
13267,0,0,2,41,0,27,5
45362,1,105,1,17,5,58,23
7864,3,10,17,17,3,50,32
33963,2,2,1,99,4,22,4
23867,1,0,1,73,4,23,0
3903,1,0,1,8,1,45,0
30740,6,0,1,85,0,19,0
5974,3,1,2,0,6,41,11
12920,3,18,2,2,0,61,13
31342,1,31,1,53,0,32,13
26926,3,5,1,74,0,32,3
26761,1,3,3,83,3,29,8
9511,2,22,7,3,3,64,13
6395,2,1,2,12,1,32,3
19365,1,0,1,61,2,24,0
29945,1,0,1,89,2,50,1
20257,1,2,8,62,4,38,20
30098,4,3,3,84,0,39,4
35745,1,35,2,80,0,25,5
32923,3,2,1,57,3,65,38
5772,3,0,3,12,2,31,3
26710,1,0,2,85,4,55,1
31769,1,4,1,89,1,28,7
35137,0,46,1,63,5,50,11
10207,2,15,3,11,0,25,6
16138,1,0,2,44,4,29,7
30431,1,1,4,79,2,40,21
11112,2,1,2,32,0,20,1
38702,2,48,2,59,0,41,17
18164,2,2,2,44,2,47,11
27148,1,4,6,77,1,62,19
5991,3,6,1,0,0,45,3
11371,6,2,2,18,0,33,1
3073,2,0,4,8,1,28,3
25882,3,16,1,52,0,34,10
23490,5,23,1,38,2,43,4
26782,4,7,7,75,0,37,10
5828,0,0,1,18,5,32,1
45929,4,51,8,83,1,44,20
1318,0,0,3,2,0,65,5
10410,2,0,2,27,4,34,2
36203,2,16,9,95,3,60,25
24832,1,0,1,78,0,32,3
14639,1,0,1,42,2,19,1
29672,0,47,2,28,5,54,24
32526,1,11,6,91,2,38,11
33467,0,75,4,8,0,56,36
11368,1,1,2,27,4,34,10
9987,1,0,2,28,3,39,2
15003,6,2,2,24,2,25,6
23870,5,0,1,60,2,58,1
19506,7,11,2,26,0,61,5
4090,1,0,1,10,2,19,0
23131,4,25,2,34,0,30,11
32568,0,73,21,55,2,62,34
24805,2,22,11,62,1,61,18
27767,2,0,1,73,0,34,10
28595,3,0,1,82,1,19,0
31494,1,10,3,95,0,31,3
28332,1,6,1,84,3,21,2
20194,4,0,2,55,0,52,4
21055,2,0,3,62,1,56,3
4792,3,0,5,8,0,29,9
7152,2,0,1,17,0,46,0
35487,5,1,1,95,2,23,2
11456,1,0,14,48,5,42,20
30463,3,1,1,76,2,64,13
17020,5,18,1,11,1,48,11
21618,1,9,2,55,5,37,8
8975,3,10,2,2,3,41,11
4697,5,3,8,2,1,45,12
28888,0,0,1,98,3,20,0
19556,2,11,1,45,0,21,3
32979,2,10,3,91,6,32,4
9141,0,2,6,19,2,43,21
37799,1,3,2,86,1,62,30
20113,0,67,26,26,1,62,41
18862,3,1,1,47,3,35,5
15705,4,10,1,27,4,49,3
8436,2,0,1,14,5,30,7
30378,2,7,1,87,1,27,4
28597,2,8,2,53,3,47,26
26736,0,4,2,83,1,33,1
23607,1,4,1,68,0,20,1
19634,0,7,2,60,1,20,2
4576,6,0,15,7,2,46,26
10844,6,0,1,16,0,21,0
33380,6,2,1,82,2,42,10
28162,1,2,1,89,5,29,3
30258,1,18,8,83,0,61,10
22422,0,3,1,69,7,37,3
7048,2,18,11,9,1,54,15
21422,5,5,4,47,4,37,13
1464,0,0,1,1,3,21,3
27769,2,0,2,86,0,24,2
12517,0,0,1,40,2,35,0
38939,0,29,2,94,2,40,14
34185,2,53,19,78,5,48,26
10134,4,2,1,6,4,38,13
11279,2,0,2,16,3,39,17
7809,1,4,2,13,3,29,7
34847,3,4,3,91,4,38,14
33318,6,23,2,61,2,26,7
19911,4,0,3,51,3,54,5
29123,0,53,1,33,1,58,9
22610,1,30,7,43,4,40,11
14971,2,1,4,35,1,51,14
29109,3,2,3,77,2,37,10
35911,2,7,2,97,0,38,14
16121,4,0,1,40,0,20,0
2632,0,1,1,0,2,54,5
7099,6,0,1,5,4,20,1
16164,6,3,9,36,2,63,14
13643,2,3,1,23,1,33,14
7664,5,1,1,8,1,20,1
22395,1,0,1,67,2,26,2
9659,2,1,12,28,1,59,25
27970,0,0,3,85,1,35,10
33725,6,1,2,90,1,26,6
24403,1,0,1,78,1,19,0
13642,4,0,7,29,6,43,21
28972,2,4,2,75,1,64,8
32167,0,8,1,97,1,22,2
32235,1,1,2,69,2,60,39
31673,1,9,9,95,0,48,20
15479,2,0,9,52,0,35,14
7709,1,0,2,18,0,26,6
28766,3,12,4,61,0,58,23
46682,4,48,1,82,0,27,9
23555,2,24,2,39,2,52,10
24733,4,3,1,60,1,23,5
25709,3,6,9,69,0,43,24
19603,2,5,2,50,2,29,9
32200,3,0,1,92,1,21,2
28498,1,4,2,87,2,55,6
6594,5,0,1,4,6,24,2
16759,2,0,1,49,1,19,0
22190,1,16,2,35,3,52,22
10814,1,2,4,30,2,41,6
15413,2,14,3,11,6,49,23
31317,0,11,7,95,2,40,12
27190,4,0,1,79,3,24,2
15296,1,2,14,55,3,60,25
50094,0,65,9,84,5,61,33
30780,4,5,1,83,2,63,4
3213,0,3,2,5,1,24,4
24293,4,5,2,60,1,24,3
3968,2,0,1,3,2,41,2
13043,0,0,1,35,1,28,7
11399,0,2,3,34,1,53,6
26343,3,25,2,46,5,39,7
22730,3,7,3,46,1,54,18
14755,3,16,6,23,0,56,11
17486,1,4,2,50,1,32,3
32071,3,8,2,92,0,37,3
29565,2,1,1,91,6,24,1
6141,1,1,3,16,1,23,5
42265,1,11,2,98,3,56,29
19041,0,13,3,31,3,48,21
18213,7,5,1,23,2,36,10
14011,0,0,1,43,0,20,1
27506,1,0,2,77,0,32,12
14707,3,14,4,27,4,58,5
2969,0,2,2,6,1,27,4
19997,2,0,3,55,2,50,8
11250,1,4,4,32,1,23,4
20006,6,5,2,47,3,26,1
18769,0,0,2,43,0,48,21
14471,1,19,2,13,1,52,13
71494,1,123,1,65,3,65,44
26767,2,14,8,63,5,43,19
2909,1,1,2,6,2,23,2
38431,5,16,1,92,1,33,5
23758,0,1,6,75,1,40,13
20177,6,7,4,40,2,39,10
7885,1,0,7,24,2,41,13
23873,3,6,2,66,5,24,4
15049,1,1,1,45,1,21,1
10374,5,0,1,19,1,19,1
18225,0,2,3,52,2,41,8
3668,2,1,7,13,0,42,7
30738,1,1,4,93,3,65,14
21957,0,0,3,65,1,32,10
21813,0,16,3,49,1,32,11
18523,0,2,4,61,2,47,6
27468,4,11,1,60,1,29,9
16077,1,26,5,28,1,26,7
8985,0,3,7,34,0,26,8
14026,2,1,2,39,0,25,3
25504,2,72,8,8,4,57,18
34778,0,9,1,88,1,42,13
31330,1,2,2,92,2,39,5
15881,5,0,2,34,1,43,5
33801,7,0,2,81,2,34,14
20349,1,26,4,32,4,44,12
40051,2,19,5,96,0,50,26
112229,0,271,1,77,0,57,30
14224,4,17,2,12,7,47,9
6061,0,1,1,16,0,20,2
10531,0,1,1,30,2,36,3
10460,2,1,6,30,2,30,11
31344,1,2,3,97,4,27,7
9209,2,8,3,15,1,30,5
10027,1,2,5,27,2,39,11
2216,0,2,4,1,4,38,11
9629,0,1,1,26,1,24,3
34045,4,3,1,90,3,52,3
26653,5,0,1,72,3,53,0
18581,4,38,5,17,1,62,6
29197,1,3,5,86,3,31,13
40849,6,8,5,98,3,52,26
22297,4,6,1,41,2,40,11
23746,0,2,7,68,0,50,27
15963,0,20,7,32,7,52,16
8776,2,0,1,19,1,63,1
17423,2,4,3,30,6,45,24
7471,1,0,1,14,4,48,6
32483,1,6,2,88,3,29,9
29153,0,4,3,76,2,59,22
2289,0,2,3,1,1,42,8
15088,2,4,11,40,1,47,26
9866,3,4,4,17,4,45,10
39551,4,58,5,46,1,48,27
14212,0,7,2,26,3,40,16
18045,1,1,1,53,4,19,1
12478,3,0,10,43,3,33,14
35064,3,33,7,66,1,43,19
10319,6,1,2,15,3,25,2
25230,1,53,1,21,4,26,8
25190,0,17,6,62,6,34,14
11242,0,3,1,30,3,24,3
19897,0,17,17,51,3,58,36
12514,3,4,6,25,2,43,17
12265,0,0,1,36,0,62,2
34121,0,10,2,86,2,41,21
23224,0,2,2,47,2,62,27
23512,0,14,1,35,5,51,24
11977,0,0,2,38,1,45,2
7053,5,1,2,7,3,30,3
30454,1,47,14,44,2,62,40
10493,5,7,1,10,2,58,2
31084,1,31,1,31,4,61,34
24447,5,25,2,32,4,43,14
29522,3,0,1,89,1,25,2
8232,1,0,1,23,2,23,0
35856,4,2,2,90,1,48,19
36935,4,69,12,49,1,41,16
33970,0,11,3,99,0,31,10
27626,2,6,2,70,0,34,13
22500,4,0,2,59,0,36,3
16946,3,0,8,49,4,60,14
34877,1,50,5,63,1,54,6
39566,2,116,5,4,1,39,17
14871,0,7,1,36,1,32,4
25879,1,10,1,62,3,37,10
15934,2,3,11,50,2,52,17
68624,0,148,4,78,3,59,18
10781,0,4,5,30,1,40,10
34131,0,16,2,80,0,40,17
14774,6,1,1,19,3,50,7
23009,4,19,2,43,3,34,8
24505,1,4,2,58,0,38,17
18447,0,3,1,58,3,41,1
9259,1,5,7,28,6,44,10
9089,5,6,12,5,0,51,32
28933,5,0,1,78,0,44,2
18528,3,2,3,49,0,33,8
45234,1,64,15,77,1,64,42
7555,1,2,1,13,0,42,5
23808,1,5,2,72,0,35,3
28555,7,14,4,50,2,47,14
11374,4,0,5,30,3,28,7
13155,1,0,9,47,1,35,16
11581,3,9,2,18,3,45,3
27419,2,5,1,80,1,33,3
26826,0,1,1,82,1,31,1
13454,2,10,1,23,1,41,5
26949,1,18,15,77,2,55,26
50088,1,108,3,37,4,41,19
20578,2,1,2,51,5,53,10
20489,4,1,1,55,3,29,2
24508,2,1,1,67,2,25,3
8275,0,2,2,19,1,35,8
29730,3,0,1,88,1,31,1
17150,2,28,4,19,1,29,9
19231,1,1,3,46,2,38,15
16828,3,0,8,40,2,50,26
37682,2,22,4,93,1,31,7
7763,3,2,5,18,7,25,7
35042,3,97,6,4,2,33,15
11942,3,0,1,27,2,29,2
6108,1,9,3,5,5,40,7
32169,4,78,3,6,4,46,20
14554,4,4,1,26,4,55,3
4856,1,7,16,25,2,43,20
27684,1,0,2,93,4,44,1
37421,2,2,1,99,3,58,20
30054,3,0,1,84,2,27,2
1850,1,0,2,3,1,26,2
24431,3,1,3,64,0,30,8
19198,2,23,3,30,0,32,9
22435,1,1,3,72,1,22,3
29240,0,0,2,92,2,55,2
28801,1,0,5,89,1,62,15
5815,3,1,5,2,2,37,17
18405,3,12,3,13,1,63,30
29395,0,4,2,75,0,37,16
12760,1,5,1,24,2,51,8
42912,0,42,9,85,3,62,32
12656,1,0,1,38,1,20,1
5350,4,0,1,0,1,27,4
32821,3,0,2,76,5,45,26
15761,1,6,2,18,0,64,25
24940,0,2,2,57,1,58,23
28240,4,17,1,55,1,31,9
12898,1,1,4,22,3,46,21
25958,1,9,2,52,4,47,24
22026,2,11,2,49,3,56,9
5823,1,0,2,12,0,29,6
19008,2,3,1,49,3,25,2
14136,4,10,2,22,3,54,4
11639,5,0,1,23,3,23,0
22840,1,14,3,57,0,22,4
20013,0,3,19,67,4,62,41
62865,0,133,1,37,1,57,39
5242,0,3,1,12,0,46,1
26564,0,5,5,76,2,38,17
49448,6,77,5,61,3,35,13
27916,4,8,2,65,2,57,10
34779,7,14,3,79,0,30,12
16956,0,0,1,52,2,33,1
22001,0,10,4,56,4,48,15
41197,4,102,4,16,1,29,8
5560,3,0,1,7,4,34,1
19152,2,16,17,57,4,52,26
17501,5,0,9,40,6,57,25
6885,0,11,3,10,1,27,6
8495,0,0,1,23,7,24,5
20147,1,1,2,66,5,42,1
12113,2,0,1,33,3,36,1
6309,6,0,1,3,1,20,0
21468,7,20,1,24,1,59,6
55524,1,71,3,94,0,57,14
25528,1,4,4,72,1,40,14
17098,5,0,1,39,1,23,3
20524,5,9,1,15,1,60,29
31738,0,12,2,92,3,35,8
5106,0,0,5,13,1,55,12
15439,1,25,5,22,4,50,10
41807,0,27,4,99,2,42,21
52753,1,128,3,7,4,64,32
6268,1,2,2,13,2,49,3
26945,0,1,2,81,0,33,7
25968,2,3,1,74,3,20,1
26643,1,63,3,17,0,41,13
17682,2,4,1,32,3,50,15
9916,0,0,1,32,4,21,1
25590,3,1,1,67,0,42,8
25276,0,0,2,65,0,51,19
18035,0,8,13,57,1,60,26
18989,1,7,1,40,0,29,11
21064,1,20,2,29,1,53,18
20955,3,2,1,48,2,58,11
19715,2,0,1,59,1,45,0
26944,0,0,1,81,5,45,8
17800,4,0,9,44,1,59,25
14620,1,1,1,43,1,20,1
34769,1,17,9,83,1,64,36
65182,3,154,4,43,3,60,20
44952,2,21,6,97,2,63,40
31219,5,2,2,91,1,44,2
32132,1,11,2,80,1,41,15
44323,1,77,18,84,1,53,27
61039,2,112,2,73,1,43,18
31812,4,29,4,66,7,31,6
33601,4,0,1,93,6,33,1
69004,3,159,8,45,4,56,25
26386,2,0,1,84,7,20,0
9596,2,0,1,15,3,39,9
20271,6,18,5,32,1,30,11
13389,1,2,1,33,1,27,4
27972,2,2,2,81,2,37,5
15632,1,0,1,29,3,38,20
23967,0,0,1,76,2,34,0
27570,2,4,6,68,6,50,26
33829,1,41,2,66,4,32,6
11165,2,0,1,30,1,19,0
24863,0,32,1,41,0,27,8
7133,0,1,1,21,4,21,1
29987,1,30,1,38,0,64,24
6215,1,0,1,16,1,40,0
39149,6,17,1,94,0,25,6
26120,0,1,2,82,0,43,2
24713,6,0,13,53,2,64,44
17407,1,0,1,50,3,32,3
16826,2,6,3,39,1,32,8
40168,1,22,2,95,0,34,14
29748,5,68,9,26,0,39,13
20128,4,0,2,46,1,39,13
29226,3,12,7,87,3,29,7
21487,3,3,13,61,3,65,31
28960,5,0,2,73,4,28,8
27240,4,1,8,67,1,51,25
26062,1,4,2,78,1,26,2
14043,5,4,2,18,2,31,12
20742,1,9,2,43,0,39,12
22016,1,5,1,62,2,22,3
23158,1,7,10,70,2,57,17
24039,4,0,6,67,5,48,10
30140,1,8,3,84,0,30,10
32911,6,47,1,34,3,47,12
10159,1,3,8,37,1,29,8
12078,0,11,10,23,3,60,26
2508,0,2,2,1,3,26,7
8398,1,3,2,21,3,29,4
31744,1,18,1,71,0,52,10
39581,1,23,2,94,1,43,15
18779,0,11,1,20,3,50,28
11430,0,1,4,30,3,46,14
13562,5,10,2,17,1,38,5
19968,3,43,16,27,1,55,23
51901,0,107,7,48,4,52,28
44901,0,118,11,6,0,64,46
18808,1,0,1,61,2,23,1
7925,4,2,20,27,1,56,35
22549,1,14,10,64,7,35,14
29232,0,1,5,98,5,59,5
13090,1,1,3,26,4,64,15
52731,0,77,13,89,1,55,31
25728,1,0,1,77,0,20,2
36256,7,23,10,71,3,53,25
13548,2,0,1,37,1,44,2
14970,0,4,5,34,4,52,18
21597,5,28,1,9,0,40,20
17626,4,1,2,43,0,61,4
42193,1,37,1,86,6,27,7
25971,3,5,12,87,4,48,15
38246,0,47,2,71,5,34,12
9693,2,0,2,22,4,25,5
13173,0,5,2,33,2,34,9
4808,0,3,13,13,0,58,30
71876,2,178,4,36,0,55,30
11793,1,2,1,31,4,23,2
32611,1,2,1,97,1,47,3
17761,0,0,5,55,6,60,11
7215,1,11,2,6,7,25,6
17502,3,0,6,47,2,44,13
29655,4,40,5,41,1,52,10
12757,0,3,3,38,5,52,4
14550,0,20,2,16,2,32,12
23038,1,7,2,66,3,31,5
24775,1,0,1,77,6,39,4
28444,3,21,2,58,4,51,11
2865,0,0,2,11,1,19,1
10071,2,3,7,26,1,41,12
125614,0,311,2,86,1,58,31
31911,1,0,1,98,2,20,0
17602,5,23,11,26,5,40,19
32311,1,75,5,18,0,57,16
19645,5,0,1,49,2,24,3
9932,1,1,1,12,6,61,13
16781,0,25,3,25,0,40,10
29449,4,6,3,73,0,28,8
29660,1,0,7,99,1,52,7
15185,1,0,2,43,2,35,6
19812,0,9,3,50,1,39,11
34215,1,49,1,48,0,51,11
57033,3,84,8,92,5,57,30
30671,3,0,2,82,0,30,9
7762,4,28,31,25,0,65,37
21956,1,23,3,44,1,27,6
24078,2,0,10,76,5,50,22
21018,1,5,2,56,4,36,4
37702,1,33,3,80,6,30,8
22126,1,3,1,63,1,63,1
11376,0,0,1,36,2,19,0
27555,0,1,1,88,5,25,1
26884,0,2,1,84,0,57,3
8301,0,6,1,14,1,25,6
21308,2,4,2,49,5,42,13
40519,1,34,3,73,4,47,26
15007,5,0,1,31,0,23,1
7911,5,2,2,2,0,28,9
26617,2,0,1,81,0,60,1
32108,1,54,5,49,3,34,12
8757,0,12,2,5,1,36,13
57636,1,162,3,18,6,54,15
24249,1,0,1,75,0,21,3
24431,2,1,1,70,2,56,1
18207,0,9,11,54,4,47,21
1343,6,0,23,20,2,52,23
24935,0,20,2,36,5,48,28
24679,0,16,11,68,3,44,24
12749,0,0,4,46,0,33,5
10057,1,7,4,11,3,45,20
28117,1,0,4,87,1,43,8
13627,1,0,2,44,0,20,2
29135,1,0,1,89,0,27,0
37287,6,0,1,93,1,36,9
34162,3,0,1,80,0,57,26
34760,4,4,2,84,2,43,22
29990,2,0,1,91,1,21,2
27677,1,15,3,56,0,57,17
27140,0,1,5,86,0,45,9
45445,6,92,3,14,1,46,24
12750,1,24,3,16,1,24,5
25940,3,2,6,75,1,59,15
22129,3,19,17,68,3,49,21
28743,2,1,1,88,1,39,1
25259,1,1,1,75,6,32,4
7769,1,1,1,21,2,21,1
13138,0,40,2,3,1,22,3
3879,2,0,1,6,1,21,0
31398,4,0,3,78,5,57,17
9794,4,10,3,11,1,30,5
45247,0,71,2,71,0,53,17
30816,2,1,2,92,0,54,2
26979,1,24,12,76,4,35,17
9044,1,6,12,24,3,48,24
40274,7,9,2,83,1,51,21
32082,2,9,2,91,1,59,2
1867,0,0,3,1,2,43,9
4772,1,0,4,9,2,34,10
4129,0,0,4,16,2,29,5
33416,1,6,3,94,3,37,17
21864,2,4,12,77,3,45,17
13298,0,22,2,9,1,50,14
19143,0,0,5,49,1,43,24
15978,0,36,2,7,5,37,10
36301,3,0,2,87,3,43,22
29350,1,57,2,28,2,34,15
28664,0,36,4,32,2,58,30
34578,2,5,3,86,0,42,20
34573,0,19,4,88,1,29,10
20097,0,49,2,17,3,37,5
10837,2,0,1,26,0,22,2
29088,2,1,1,88,1,23,3
48271,1,136,5,6,3,38,20
4562,0,0,1,13,1,19,1
25160,1,10,3,59,6,58,19
3617,0,0,3,7,1,44,8
20859,0,0,2,73,0,23,1
11953,4,1,2,11,0,46,18
20082,0,1,2,59,0,27,7
25661,1,0,3,86,1,55,3
31307,1,7,1,92,3,58,5
24402,0,6,3,66,0,44,15
18809,1,1,2,55,1,27,4
22257,1,0,1,68,0,31,2
42886,2,52,2,87,6,28,7
32115,2,1,1,94,3,24,5
9844,0,8,8,33,3,54,9
22810,4,9,1,50,0,22,2
36641,3,0,3,86,1,56,35
29121,0,29,2,45,0,54,21
34522,0,29,2,68,6,45,21
12878,2,7,2,24,6,43,8
18373,6,2,2,23,4,47,21
22156,2,3,3,53,3,38,13
16438,1,26,1,14,0,35,8
7939,0,0,1,26,0,18,0
19455,1,4,3,16,3,61,43
26477,2,11,9,84,0,36,11
35585,2,9,3,97,6,37,12
2383,1,0,1,4,0,23,0
31366,5,12,2,42,1,56,34
8152,2,3,1,14,0,48,2
30024,5,0,2,76,0,40,14
64479,1,153,4,52,0,54,19
3011,2,0,1,2,0,39,0
9633,1,2,2,17,2,31,11
1591,0,2,1,1,1,31,1
25746,1,0,1,81,0,21,1
2428,1,0,1,3,0,22,1
42849,2,67,6,64,5,48,15
33276,1,39,1,52,6,64,11
19026,1,2,1,50,5,56,7
18361,0,10,8,52,0,56,14
28177,0,0,2,95,2,41,2
23997,3,1,1,40,1,53,27
32845,3,8,8,78,0,52,30
15361,1,1,12,60,2,43,16
11692,1,0,2,37,2,22,2
27221,3,1,1,76,1,25,4
4378,3,0,1,4,1,30,0
18410,0,3,10,69,0,33,12
40483,0,3,3,90,6,64,45
4579,1,1,1,9,1,29,1
24347,0,0,1,75,4,35,1
29418,4,0,2,85,2,29,5
24663,4,0,5,72,1,46,7
7456,4,0,1,10,5,20,2
35439,0,51,10,71,3,51,24
7567,1,2,1,12,1,30,7
13623,2,0,1,37,0,29,1
7035,0,2,7,23,2,36,13
31283,2,41,3,47,1,42,16
2134,0,4,3,2,1,29,5
17671,0,0,2,56,2,35,3
16565,1,1,2,50,3,32,4
34813,4,4,5,95,0,52,10
20373,5,1,2,49,2,30,3
31491,0,5,2,95,2,23,3
6276,1,1,1,14,0,40,1
36023,1,16,1,91,1,43,9
22898,0,3,3,63,6,35,15
32694,3,1,1,82,2,38,16
15916,0,0,1,53,2,22,1
20399,2,0,1,63,3,35,1
31210,2,14,2,76,0,29,7
36532,0,34,11,96,0,62,22
29066,3,1,1,78,1,37,8
19944,1,32,5,33,4,43,8
33177,2,19,4,76,1,63,10
14073,0,14,7,28,6,43,18
10101,2,44,27,18,0,51,32
6860,1,8,18,30,5,58,24
29301,0,0,1,95,3,52,1
41744,1,109,12,25,7,65,23
18260,0,2,1,57,6,21,1
22369,0,1,4,67,0,38,12
20184,1,0,2,60,6,59,3
11765,3,0,1,20,2,39,8
34503,5,0,1,96,3,19,0
38990,0,73,1,44,3,36,17
21903,0,2,3,57,1,47,18
4624,0,1,6,14,1,35,12
27415,1,0,1,87,3,32,1
15528,0,27,2,14,0,34,14
6521,1,4,1,12,1,23,1
11551,2,1,2,27,1,61,3
1795,2,0,2,1,2,24,1
27417,2,13,6,68,6,43,15
41649,0,43,3,77,1,62,22
30637,2,1,1,89,2,30,1
26302,0,1,1,87,5,21,3
31716,6,19,4,42,1,50,30
7247,1,2,1,17,2,25,2
22344,1,6,2,56,3,32,8
26695,0,1,3,82,5,31,11
28994,1,0,3,93,0,37,5
22012,3,27,12,49,1,45,14
16290,3,0,1,46,1,24,0
16473,2,2,1,40,0,31,4
14575,3,0,2,42,8,22,1
11478,6,3,12,24,1,62,19
30765,4,18,1,64,0,30,9
30718,1,1,1,94,1,43,6
23630,6,23,20,46,1,64,40
25519,1,8,1,70,1,26,3
33872,2,16,1,68,2,46,24
14108,5,2,11,40,6,36,14
18074,0,9,2,48,5,39,6
24673,1,0,2,80,0,22,3
33846,0,57,6,26,1,62,41
25748,3,5,2,75,4,22,2
33764,3,5,4,58,1,62,43
28736,2,10,3,77,0,54,9
33151,1,38,5,60,2,34,14
12606,4,12,2,9,4,41,10
52164,1,92,5,55,0,51,29
33105,1,10,2,85,3,45,13
29640,3,0,1,91,2,19,0
6321,5,0,1,5,1,18,0
9888,6,8,7,6,1,37,16
25496,2,0,1,81,1,19,0
9141,0,6,6,26,2,35,9
16749,6,10,3,28,0,33,3
20611,2,2,3,61,0,56,6
17099,0,2,1,55,0,24,2
13201,1,2,4,40,0,28,6
24755,2,3,3,67,4,64,10
22422,1,2,1,65,2,41,4
9108,0,1,2,22,0,49,7
7669,1,0,2,24,1,33,1
56029,7,38,1,98,1,54,27
7946,3,1,1,11,0,40,3
6241,2,1,1,10,0,62,1
8165,3,8,20,30,1,59,28
27002,0,1,1,86,3,26,1
19236,3,2,1,44,3,31,7
40918,3,44,2,69,0,36,10
15418,0,2,1,43,2,27,4
12201,0,24,3,18,0,23,4
1497,1,1,8,9,2,42,9
34555,2,21,1,83,0,21,3
7762,3,10,8,10,1,36,13
11720,1,1,1,33,5,21,1
15954,0,3,3,42,4,61,11
28114,4,0,3,78,0,39,5
26441,0,10,2,52,4,48,26
33293,1,17,7,73,3,60,32
11916,0,0,2,32,0,37,9
5258,0,2,1,13,0,23,2
14070,0,0,1,45,1,19,1
17023,2,1,2,50,1,20,2
44275,0,87,6,44,2,45,26
15095,2,18,2,24,3,45,4
33933,2,11,2,88,2,40,13
5097,5,0,1,0,0,26,1
9983,2,1,1,17,3,39,7
43424,3,15,4,84,2,61,38
18904,2,0,5,52,1,38,12
7944,1,6,3,10,1,46,11
15877,0,13,3,37,1,31,7
27297,0,12,2,73,3,37,10
17522,2,0,3,45,1,36,10
8436,3,1,2,5,1,56,12
34712,2,1,1,97,4,31,5
36292,2,81,17,49,2,48,24
24933,0,0,1,83,2,21,0
14114,1,26,1,8,3,56,10
32402,0,1,2,73,0,59,37
17330,1,14,1,20,1,42,21
26387,4,2,24,95,1,58,36
54917,2,97,3,49,6,55,30
25881,3,1,2,51,1,48,23
31054,1,1,1,99,0,29,2
17182,1,0,1,52,2,19,1
1516,1,0,1,0,0,51,0
34965,0,76,13,39,2,54,31
5889,1,11,5,10,3,36,5
12984,0,2,6,35,2,45,17
1651,2,2,5,1,1,25,6
25003,2,3,5,69,3,56,16
15054,3,2,3,17,3,53,27
3985,0,14,16,19,6,53,18
27027,6,33,5,31,1,47,19
7019,2,13,14,21,2,48,16
27680,3,0,1,86,1,23,1
16447,4,3,1,18,0,54,20
31326,2,15,6,85,1,37,13
17476,1,0,1,53,5,33,0
31683,7,10,2,77,0,47,2
21043,6,17,2,32,4,47,6
29890,2,0,1,86,0,30,3
38245,0,102,3,6,0,46,18
28129,2,1,1,80,0,24,4
30564,0,24,7,76,3,61,18
23930,2,1,1,70,2,56,1
20671,3,0,4,59,0,38,7
19243,4,0,2,43,1,50,7
9080,0,1,3,13,1,61,20
23298,1,1,8,82,0,64,11
10549,0,0,11,44,3,58,16
9323,1,2,1,20,7,32,6
7125,0,0,2,11,1,54,13
51825,1,52,5,99,0,49,29
26629,1,5,9,83,3,47,16
19961,2,4,1,52,1,39,2
7463,0,16,17,24,1,64,25
3698,0,0,1,11,0,25,0
7206,0,3,2,13,1,47,9
33634,1,18,2,81,0,38,15
13385,6,15,3,9,0,60,5
12190,1,0,7,20,2,49,30
17367,6,0,6,39,2,51,10
14027,0,0,1,46,1,26,2
26447,2,2,2,51,1,52,27
28167,3,56,17,48,4,50,23
6279,1,2,1,14,1,21,2
31216,2,0,1,95,1,21,1
7778,1,5,3,14,2,30,9
20653,3,5,4,56,0,27,8
13869,1,30,3,6,4,34,10
9266,1,9,4,9,1,49,16
18530,1,26,10,40,0,61,17
17140,1,27,22,59,1,54,24
17131,2,0,1,50,1,27,1
39196,4,15,1,96,3,60,11
32636,2,13,6,82,1,50,17
18946,0,1,2,49,2,45,15
11498,0,0,15,51,4,57,21
18046,2,6,1,42,5,47,4
27760,3,40,2,39,0,44,9
26830,0,1,1,82,3,23,2
58818,5,95,5,75,0,48,28
11104,2,1,3,32,3,21,3
9098,0,1,1,27,1,20,2
29890,3,27,2,46,5,36,17
24547,2,0,2,75,0,31,5
30642,1,6,3,83,2,47,18
34911,6,32,7,42,2,63,38
26063,4,0,1,59,2,57,11
26366,2,13,3,59,0,29,11
21922,3,0,1,62,5,34,3
7742,2,0,1,11,1,47,7
5118,0,5,2,10,1,44,3
35207,0,2,2,93,1,60,22
10011,5,1,7,22,2,62,8
32929,3,0,1,97,0,23,1
30950,4,73,1,4,0,37,18
19433,1,0,1,62,6,22,1
22921,1,2,1,67,1,19,1
6137,0,1,1,15,7,40,3
14900,2,1,7,42,2,38,15
9870,3,4,3,13,0,30,10
22338,2,1,4,73,5,37,4
4184,0,4,14,13,5,57,29
25780,1,89,18,9,0,58,31
20295,0,18,2,44,4,43,10
8448,0,0,1,23,3,25,3
36769,6,9,1,92,1,59,3
5826,3,2,18,26,4,49,26
33655,2,1,2,87,1,40,21
1759,0,5,7,3,2,42,12
13828,3,0,1,36,5,19,0
14492,1,15,11,31,2,54,23
14432,1,24,8,2,0,56,37
37539,2,3,3,86,0,58,38
32415,0,15,4,96,2,46,8
22447,6,6,5,38,2,40,22
16392,1,2,4,26,6,55,27
8492,0,9,11,26,1,40,18
40108,7,30,2,70,0,59,7
18937,1,0,1,58,3,18,0
33293,1,9,2,88,0,46,15
39880,1,41,2,72,2,50,21
13776,1,35,5,10,1,45,8
16333,1,0,1,50,0,21,0
15076,1,1,1,42,3,20,2
54432,0,74,2,93,1,49,24
15026,1,16,19,39,0,58,39
29060,2,5,1,74,0,28,8
9813,0,7,2,23,1,31,5
3480,2,6,17,20,1,49,20
29365,5,13,4,62,4,54,9
17050,0,1,2,39,4,47,18
21544,2,2,18,80,0,51,29
18236,1,0,8,59,6,38,13
25134,0,2,1,65,7,32,13
19310,1,3,4,57,0,38,6
26963,1,0,3,90,0,25,3
12082,2,20,13,24,0,51,19
28654,0,3,3,93,3,29,4
10462,0,1,6,29,2,43,15
11875,0,26,5,10,1,39,13
32748,2,1,2,96,3,51,2
17003,0,2,3,51,6,53,5
17862,1,1,4,56,3,25,6
22794,1,1,22,96,2,65,32
23232,1,0,1,71,4,30,0
31845,0,11,2,90,1,28,7
31455,3,1,1,95,0,34,2
10018,2,13,2,13,1,22,3
11289,5,2,6,28,1,58,5
21234,1,16,4,35,0,58,23
31816,1,16,2,84,4,20,2
7470,2,22,28,33,2,52,34
33190,2,61,9,38,0,44,26
28806,0,0,1,94,2,40,5
43847,7,98,9,34,5,59,18
27389,0,45,3,35,0,56,16
4482,3,0,5,7,0,28,9
22501,1,16,2,30,3,52,25
2407,1,0,10,16,0,35,12
10303,1,5,1,22,6,39,4
23692,2,11,1,53,1,29,8
18319,1,1,2,53,3,57,6
18224,0,1,4,55,0,33,13
9039,0,1,3,22,2,55,9
16373,0,0,3,57,1,21,2
38038,6,3,1,96,2,22,3
12533,3,0,4,19,5,44,18
30788,3,1,5,90,2,41,15
25438,6,0,1,69,5,36,0
4862,0,0,2,16,2,32,1
16929,1,16,4,27,4,55,18
49487,1,98,16,72,4,55,36
34073,2,7,2,64,0,58,33
27127,0,1,1,83,1,29,4
36706,0,23,5,87,2,56,23
6271,0,1,4,18,1,48,7
25619,2,4,2,72,2,30,3
33126,0,13,2,65,2,62,36
33547,3,4,3,79,1,61,22
9080,1,0,3,27,3,29,4
29245,0,0,1,98,3,29,0
28073,2,2,1,76,1,41,8
5236,0,0,1,15,2,25,1
13877,0,2,1,39,6,33,4
19405,5,11,10,43,7,42,17
21554,1,2,3,59,3,43,12
24342,3,6,5,67,4,27,8
26733,2,5,2,71,2,53,12
32263,2,0,1,95,0,40,1
28831,0,1,3,57,0,57,38
19384,2,0,2,50,4,35,10
19026,0,2,2,50,4,31,10
23136,2,4,2,60,1,33,5
4111,1,0,1,10,2,19,0
15766,1,1,1,46,1,24,3
3201,1,1,1,5,6,27,1
34739,5,3,2,65,2,65,33
10707,6,8,14,3,3,62,38
35417,3,8,1,95,0,32,6
15211,1,16,4,31,2,50,6
35900,4,3,1,99,2,30,4
6200,3,0,1,7,0,42,2
20324,2,8,1,40,1,52,10
21373,0,17,8,60,1,41,12
33957,3,1,4,69,3,57,38
30147,0,4,9,88,1,64,27
7953,3,1,1,8,1,55,5
1961,1,0,1,3,1,21,0
4759,1,0,1,11,7,19,1
8243,0,16,1,4,4,43,6
3251,2,6,5,4,0,26,5
13093,3,3,1,27,3,27,4
39820,0,63,3,58,2,34,14
17426,2,9,7,38,3,61,21
7430,1,12,3,5,4,37,8
11782,6,1,2,16,3,28,7
19431,4,0,2,50,6,54,4
18028,3,2,1,48,5,21,2
9556,4,6,3,13,1,41,6
28432,3,25,13,73,2,45,18
30003,1,3,3,94,4,29,6
29063,1,0,1,88,0,21,1
27840,0,0,2,88,3,35,4
6233,0,0,3,17,2,28,9
30609,6,1,1,82,3,25,2
29223,2,0,1,89,1,18,0
17217,0,1,1,50,5,63,1
6554,0,13,1,7,2,21,2
27744,1,0,2,93,7,25,3
32419,2,31,3,70,0,27,8
13976,0,16,20,44,2,57,36
27751,3,46,2,24,1,29,11
5223,0,4,1,12,1,32,1
23301,2,2,2,69,1,21,3
16642,0,15,1,31,1,28,7
14811,1,6,1,32,5,30,5
27815,3,3,7,73,4,46,26
21749,4,9,9,50,6,48,23
43445,1,51,1,44,2,64,43
13870,3,8,6,35,2,28,8
23458,0,4,4,78,6,25,7
30017,1,0,3,93,3,30,6
19204,0,0,2,56,1,35,11
13092,3,3,1,22,1,29,7
40234,2,21,4,94,0,63,17
11520,3,9,7,25,2,31,10
27352,3,4,5,77,1,36,10
35611,0,13,1,89,1,35,11
15631,1,15,3,33,0,24,5
32939,4,0,1,95,1,19,0
5871,2,2,7,13,2,43,12
72855,5,173,7,49,2,38,20
46800,5,46,1,76,1,39,12
4443,0,0,3,11,0,36,7
23044,0,0,3,74,1,24,5
23000,1,1,2,73,1,27,5
28665,0,0,1,97,6,19,1
24257,4,0,2,66,4,30,6
25341,0,5,5,69,4,49,17
72060,5,127,10,90,0,55,26
18917,4,1,2,48,0,36,4
30464,5,11,3,41,5,55,35
30045,1,2,6,94,0,34,15
67147,2,238,27,7,2,57,31
24695,4,1,2,64,4,28,5
13476,3,13,3,22,4,58,2
11219,2,4,5,30,5,41,8
24091,4,2,8,67,0,53,12
28549,2,2,3,85,2,63,9
29127,0,34,1,45,2,56,12
18783,1,1,1,56,4,20,1
6069,0,2,1,12,1,35,4
38689,0,30,5,78,1,63,29
29489,2,0,2,94,0,37,2
42205,0,55,8,73,0,55,28
37708,1,56,4,67,1,26,5
34348,2,19,7,98,0,28,7
29550,2,14,4,54,0,63,28
31477,3,52,3,36,2,54,15
11090,1,3,2,27,1,26,4
11736,2,2,19,38,3,59,38
12335,0,3,2,38,4,25,4
23433,2,0,1,59,0,58,9
4593,1,0,2,11,5,35,3
30471,0,36,1,34,2,56,34
26645,1,12,9,78,0,47,17
15127,1,3,1,31,0,41,10
31596,3,40,1,37,0,42,19
11869,1,1,2,18,0,47,19
11540,0,0,1,34,4,20,2
18571,5,2,1,43,3,22,1
20866,2,1,7,63,1,48,11
12692,1,5,4,37,3,24,5
24509,2,6,5,66,1,42,10
16912,1,0,2,54,1,22,2
21211,5,6,6,58,1,42,6
26436,2,15,2,65,0,52,6
35847,4,61,4,34,4,46,20
20436,1,0,2,67,0,34,3
7258,0,0,1,12,3,48,9
34968,2,22,3,65,0,56,31
23728,3,0,2,65,6,48,2
29569,0,10,1,80,2,30,4
26346,1,0,1,82,1,23,0
29042,1,10,6,83,3,44,17
4840,4,0,2,3,1,26,3
4200,2,1,2,1,1,61,6
14688,0,2,1,43,2,22,4
6610,1,3,2,10,2,47,7
23862,1,0,1,75,2,34,0
16668,5,15,5,28,1,45,7
17854,4,0,5,32,4,62,21
8659,1,0,1,18,5,30,7
27366,4,1,11,86,3,51,13
21537,0,5,5,50,0,45,25
25873,4,1,1,72,3,31,1
47309,0,47,3,96,2,31,13
26611,0,11,3,66,4,36,17
50966,4,49,1,99,1,47,15
4864,0,2,6,2,0,47,23
30747,4,0,1,85,5,56,0
33161,4,7,2,88,4,61,4
22970,0,1,5,78,1,40,8
24605,1,0,2,73,0,49,7
33117,2,0,2,96,2,27,5
9254,1,0,2,26,0,61,2
19851,5,1,1,47,1,30,2
34960,1,11,3,91,3,60,9
16477,1,2,5,45,0,36,16
22379,4,2,3,51,4,37,10
13048,0,2,1,38,1,22,2
30721,4,0,2,83,2,48,6
5158,0,0,2,13,4,51,4
16959,5,6,1,35,0,22,1
19215,5,0,2,44,1,57,7
11843,3,1,1,28,2,27,1
26638,0,14,1,70,2,37,4
33572,2,37,9,57,2,53,33
28439,4,2,6,82,1,46,15
14266,1,9,8,44,1,31,9
14124,1,3,4,39,1,36,10
29999,0,2,2,92,0,23,5
22410,3,0,1,66,2,24,1
18750,2,4,4,50,7,39,8
10696,1,0,1,29,3,28,2
19965,4,3,3,38,5,44,14
9317,0,1,3,22,1,34,13
17642,2,4,7,45,4,50,16
82034,1,163,3,93,1,55,30
10734,1,6,21,47,0,61,29
660,0,2,14,10,3,43,23
48436,0,56,3,95,2,31,12
32223,4,12,2,76,1,64,4
19720,2,0,1,59,2,25,0
10136,2,6,2,15,4,56,8
29408,3,0,1,79,2,56,7
2780,0,0,1,7,1,36,1
20371,0,2,3,37,2,62,29
13818,0,3,2,40,0,30,3
28190,1,2,1,87,3,22,4
26096,1,2,1,79,6,50,1
7380,0,4,1,13,2,37,5
16201,2,0,1,45,2,23,3
23137,5,11,1,47,7,25,3
12513,0,27,1,12,1,22,4
18067,0,8,2,53,2,35,2
47833,1,50,3,88,4,42,24
23765,0,1,1,77,4,24,1
16367,0,3,17,56,1,63,33
21593,2,0,7,68,2,59,10
24001,2,29,13,57,1,46,17
6187,0,0,1,19,4,34,0
28743,0,1,1,94,2,34,2
11413,1,0,3,32,0,38,5
18422,1,0,1,41,0,43,16
26446,1,1,16,97,1,58,27
9953,6,10,2,0,1,55,6
40334,2,4,1,89,2,55,35
47097,0,110,4,22,2,60,31
31602,1,6,1,84,3,37,12
31823,4,26,11,65,1,51,24
7707,2,12,5,10,2,36,6
28734,0,7,2,89,0,30,6
21292,1,1,2,51,0,42,14
42607,0,45,16,97,0,60,40
10389,2,3,5,17,3,39,17
7573,0,0,1,25,1,22,0
18958,1,0,1,62,6,30,0
15152,2,0,2,39,0,41,6
11487,6,2,3,15,0,50,7
7356,1,1,10,13,1,54,28
2399,0,10,6,3,6,38,7
33038,3,1,1,97,0,39,1
31981,0,10,1,77,0,39,19
10927,1,0,2,19,4,34,15
19526,1,1,2,60,1,24,4
30352,2,1,1,91,1,38,2
29513,0,1,6,74,3,50,31
33474,2,5,1,96,1,38,6
9635,0,0,3,33,3,41,4
32276,6,0,1,90,6,19,0
30988,1,12,6,85,1,50,13
2446,0,0,1,5,0,30,2
29535,4,4,2,77,2,22,4
42929,2,52,15,83,0,63,43
13217,1,0,2,39,1,20,2
28912,7,5,2,48,3,52,26
13576,6,0,14,28,0,61,30
24833,2,0,1,67,0,41,6
26440,7,18,5,44,0,56,12
16334,0,0,1,40,0,33,13
22453,1,0,1,68,3,20,2
18862,1,18,3,21,1,61,22
33410,0,18,1,89,2,36,8
27238,1,2,3,87,4,56,4
11816,1,0,1,37,3,29,0
16296,3,1,4,44,0,28,8
20263,1,3,5,63,2,43,5
9316,5,4,4,15,1,22,4
20913,4,1,1,53,1,51,4
15071,1,11,3,10,1,54,29
21118,1,0,1,66,0,19,1
23764,0,3,2,76,4,41,5
27449,3,0,4,81,6,64,7
30238,4,1,4,67,3,63,23
11614,2,25,33,46,0,61,43
12871,2,10,5,29,1,28,9
13255,1,0,2,36,1,36,5
17494,1,17,2,29,6,49,9
26152,1,0,1,66,3,54,20
31955,1,14,2,75,0,57,13
10207,0,1,1,33,0,21,1
29641,1,0,3,93,1,41,5
30978,2,0,1,91,1,25,1
67323,2,96,1,93,2,43,24
19316,7,0,19,61,1,57,25
5988,0,0,1,20,2,22,0
14151,0,17,3,30,1,31,4
6092,1,2,1,10,0,41,4
16821,1,8,1,41,4,27,3
32329,0,6,5,90,2,49,20
22001,2,0,1,63,0,22,1
5969,1,0,1,17,4,22,0
14601,5,0,4,28,1,41,14
19404,0,4,2,58,4,28,7
27678,2,33,3,42,3,45,12
27573,0,28,7,68,3,54,14
28958,1,19,2,58,3,54,13
31819,6,9,1,76,1,26,5
21188,0,20,2,47,2,26,5
31720,0,0,3,95,0,61,14
21082,0,1,8,65,1,48,24
36305,7,0,1,85,4,45,8
17466,1,2,2,54,1,27,3
18096,2,0,2,46,1,31,7
11869,2,1,2,30,0,21,3
37663,7,0,1,98,2,23,0
3893,1,5,2,4,2,25,3
16216,0,3,1,48,0,23,4
26256,2,14,4,60,4,50,11
36585,2,52,23,96,5,62,29
26364,4,0,3,80,6,22,3
10542,1,3,1,24,1,24,3
40210,3,46,1,63,4,37,15
2407,1,0,3,2,2,30,7
15032,0,1,2,45,0,34,8
35395,1,2,2,97,4,51,13
50728,4,114,4,3,1,62,41
12045,2,2,3,35,2,28,3
20391,1,7,18,75,3,55,26
21874,2,16,2,43,1,31,12
22989,4,1,1,55,1,45,8
10995,0,0,1,34,5,30,0
19892,4,4,2,46,3,36,3
14932,0,2,1,36,1,64,10
1609,2,4,10,1,2,50,16
23858,2,0,1,64,2,30,9
24591,0,14,6,71,3,41,6
11056,1,5,2,27,0,39,4
28277,3,3,13,81,0,56,27
19374,0,0,1,62,6,52,0
27734,1,2,2,78,4,30,7
24134,0,5,2,80,3,22,1
23227,3,0,1,66,1,48,2
41605,1,35,2,98,0,29,7
25735,0,0,1,80,1,29,3
27886,0,0,2,91,1,24,3
23441,2,1,1,54,4,52,18
18340,1,4,6,38,0,50,29
17464,3,1,29,82,1,64,40
27517,2,10,2,68,1,64,7
69742,0,124,1,78,0,63,36
13642,1,2,2,32,2,33,8
29566,0,1,1,79,2,56,14
18913,0,25,3,23,6,39,16
14879,1,0,13,52,3,49,27
14065,1,0,1,44,1,39,0
27768,2,6,2,79,1,31,2
12627,5,0,1,25,2,29,1
5789,1,1,2,13,0,30,3
7753,0,0,1,3,2,55,21
31172,1,0,9,91,1,60,32
24872,2,7,1,65,5,30,3
7660,3,4,1,7,6,64,2
18723,2,1,3,22,1,52,34
10794,2,1,4,24,0,34,10
12952,0,1,3,39,1,54,5
37252,1,32,14,99,1,58,23
13857,2,33,16,24,1,45,21
37621,2,23,4,72,1,59,28
16629,3,3,2,15,1,60,26
23845,2,3,1,65,0,39,3
15497,3,12,11,34,1,43,20
26886,4,3,3,50,4,54,31
37020,5,16,5,89,7,63,13
8485,0,6,4,21,3,41,7
20078,2,1,1,55,1,49,1
21010,0,1,2,69,0,31,4
12962,1,0,4,35,0,63,11
21238,2,0,2,58,3,24,6
22544,2,0,1,72,3,18,0
13372,4,3,5,5,1,65,32
16692,2,5,2,18,1,53,25
28494,0,17,4,61,3,49,24
8689,5,0,7,15,1,34,15
30611,0,0,1,98,3,50,1
28787,0,19,11,61,2,59,40
13709,0,2,5,36,1,47,16
43001,1,35,2,83,1,58,22
6729,2,0,1,14,0,21,1
8461,0,0,1,28,1,18,0
4943,0,0,5,8,3,45,17
47149,6,34,3,87,2,49,18
9343,1,0,2,26,0,44,2
10607,6,8,4,0,1,41,17
21271,2,16,2,33,1,42,16
34814,3,8,4,94,4,39,16
29625,0,0,8,98,4,56,13
4348,2,2,10,18,2,43,11
9868,6,0,6,17,4,30,11
40889,3,16,1,88,5,56,23
30828,0,18,1,70,2,48,8
31270,3,39,11,70,2,30,11
11562,1,0,2,20,1,40,17
26366,1,0,3,70,1,61,16
20547,2,3,4,50,3,63,17
8361,1,9,1,10,5,43,4
46590,6,72,2,40,4,57,32
22068,4,3,4,60,2,46,6
125004,0,385,13,33,5,59,38
32561,1,36,2,56,1,62,9
38618,0,25,1,88,0,59,14
31611,3,6,5,83,1,46,16
23243,2,1,4,65,3,36,9
22431,1,6,2,69,1,22,2
30559,2,22,5,75,1,34,5
12456,2,22,3,6,0,30,10
26207,2,0,1,75,4,33,6
37176,2,9,1,95,3,59,15
36449,1,3,8,94,3,53,33
13643,4,3,3,30,3,24,5
8851,1,1,1,20,5,27,6
10481,2,1,1,25,4,32,2
9208,1,1,1,22,1,30,3
13016,2,2,1,34,0,19,1
42195,2,0,5,97,2,60,39
54141,1,140,4,12,0,52,34
16461,1,0,2,52,1,57,1
24055,2,14,20,83,4,65,25
17982,5,4,6,47,1,45,6
16057,5,2,2,5,0,49,30
12125,1,2,4,26,5,36,15
35346,5,7,2,89,1,27,4
3749,2,0,1,5,4,21,1
8753,1,5,4,13,1,59,14
13010,1,6,2,31,0,37,3
34158,3,50,13,54,0,63,27
22250,3,19,3,25,3,60,24
31664,0,12,2,93,2,58,6
41453,4,25,9,95,3,48,20
94756,0,222,6,74,0,58,34
3878,5,7,15,7,1,41,20
22463,3,0,4,60,0,35,15
20823,0,19,1,49,1,24,3
16221,4,2,6,41,3,44,11
32015,2,97,11,8,1,56,18
34497,5,2,2,84,4,35,11
39771,5,42,1,74,2,29,5
71234,4,183,19,48,1,61,35
9385,2,17,1,2,1,30,4
14347,1,0,4,40,3,33,10
4766,2,0,2,5,0,45,5
24128,1,0,1,78,1,24,0
34325,0,19,3,95,3,23,5
36268,2,28,3,75,5,41,12
7562,1,37,13,2,0,35,14
32529,0,66,2,28,4,41,12
19647,2,67,17,13,0,39,21
11212,5,5,1,16,0,22,2
7812,3,0,1,17,4,19,0
28917,1,4,3,93,3,53,3
18569,1,4,1,48,3,36,7
3951,1,5,1,1,1,50,2
19499,0,12,1,48,2,28,7
12525,0,3,21,59,5,54,30
14484,7,0,2,11,6,37,16
11445,0,8,10,24,0,56,28
25358,1,3,4,70,1,54,14
18921,1,1,3,61,1,29,5
16689,8,0,2,26,1,53,7
20552,3,0,2,60,1,26,4
10677,2,0,4,24,1,38,12
10044,6,9,3,1,2,31,11
6916,0,6,2,16,0,20,2
33419,0,35,2,55,0,51,24
55768,2,117,1,23,1,60,33
29950,0,8,2,87,3,28,3
23931,1,3,1,61,0,55,14
38529,2,17,2,98,0,44,8
34597,4,2,4,97,6,33,9
31243,1,7,1,88,0,25,1
12450,0,16,2,18,1,42,8
33908,2,2,1,92,0,34,15
5840,0,4,5,11,3,41,13
23366,5,2,7,64,6,36,13
14110,1,4,3,27,0,45,15
25677,0,0,2,87,0,44,1
31327,2,67,8,30,0,58,16
17396,0,3,1,49,6,44,2
21367,1,0,3,57,3,62,14
31221,1,15,2,83,0,32,9
70066,5,151,7,43,7,64,44
15499,2,16,2,2,0,56,28
32018,1,15,2,81,7,50,6
20913,3,0,1,60,1,29,0
23213,1,11,2,56,5,44,5
36615,0,6,1,75,0,57,38
29010,0,1,1,91,6,22,2
18252,6,30,17,30,3,43,23
32294,6,0,1,81,2,32,9
6130,4,0,1,7,2,18,0
30903,7,6,3,62,0,57,20
29743,0,0,5,85,0,53,23
11744,1,0,6,41,0,40,7
17623,6,0,4,32,1,64,16
22268,3,0,9,54,1,56,29
28422,1,1,1,85,1,31,6
56560,3,74,1,72,2,52,33
15629,0,11,2,33,1,48,8
27618,3,0,1,81,4,39,1
31505,1,91,10,16,1,44,20
29063,0,2,13,86,1,56,37
19058,1,0,1,61,0,20,2
31308,1,12,2,82,6,40,7
16237,1,0,2,49,5,24,4
26203,4,9,4,67,2,32,8
15370,1,2,2,34,2,35,12
2920,1,3,1,2,4,31,1
24784,0,1,1,80,4,23,2
6039,0,3,2,3,2,60,14
5085,0,0,1,15,1,20,1
27517,0,2,4,88,1,47,9
35382,5,0,1,96,2,48,0
8687,1,0,1,23,3,22,1
23965,3,2,7,52,0,60,31
35670,1,29,2,83,0,47,4
34206,4,11,1,87,4,20,1
30680,1,1,3,95,2,60,3
11309,1,0,1,33,1,18,0
32682,4,32,9,56,2,58,30
22490,1,1,2,67,4,63,4
23377,2,0,1,72,3,19,1
6422,0,7,1,12,3,27,2
25029,4,0,2,72,4,29,2
16198,0,0,1,47,1,41,3
40713,1,94,14,33,2,64,40
10406,0,0,1,30,4,23,4
15498,1,2,2,37,2,31,11
22786,1,2,14,92,2,34,15
15073,1,14,8,42,1,55,10
35111,1,11,3,91,0,51,18
8463,4,0,7,14,0,53,16
12311,1,2,2,8,2,60,28
15004,3,0,3,41,4,25,3
33276,3,12,4,77,1,38,15
20940,1,0,2,65,2,31,5
13389,1,5,4,33,1,28,9
83609,3,248,13,28,0,54,30
5887,0,71,42,13,4,64,42
11170,6,0,1,20,1,30,0
56695,2,73,10,87,0,58,40
24126,1,1,2,67,1,43,7
33366,3,14,4,87,3,42,7
15852,6,1,3,35,0,52,3
3968,3,2,22,30,2,46,26
19718,0,21,4,26,5,49,25
16613,1,7,6,52,3,33,6
34027,0,6,1,99,3,33,5
24412,0,3,1,77,0,29,3
16689,0,0,1,51,2,57,0
35132,3,9,1,94,6,34,5
14580,0,6,2,36,1,29,9
37302,4,13,14,97,0,57,32
38132,1,40,5,80,0,49,18
22752,1,2,3,64,1,64,8
3606,0,0,3,10,7,53,5
28987,1,0,1,94,1,28,1
11904,2,0,5,35,4,46,8
29959,2,5,2,86,2,53,3
31578,0,0,2,96,4,65,13
33351,3,31,9,81,1,30,11
32959,0,5,1,81,0,41,18
24781,1,0,1,77,1,21,0
9455,3,18,3,5,1,31,3
27003,1,52,1,27,1,36,11
28614,2,14,1,68,0,22,4
5877,1,7,2,8,1,56,2
4596,2,0,1,8,1,19,0
33003,4,9,3,87,0,22,3
26545,6,1,3,67,4,48,4
10502,1,18,19,29,2,65,30
15302,5,3,3,21,3,50,13
15127,2,2,1,35,1,25,5
42486,2,46,5,69,0,61,32
11740,1,1,8,32,2,52,18
19297,5,1,11,64,3,30,11
25898,0,9,2,79,0,24,4
42011,4,9,4,94,1,55,33
23251,1,4,6,79,3,25,7
10343,5,5,14,16,5,53,32
51315,2,138,2,1,0,44,19
34556,4,8,1,89,0,36,5
24511,0,0,1,83,2,28,1
20839,1,1,1,63,1,20,1
74000,1,204,8,50,1,39,16
23980,0,30,4,45,0,60,10
8224,2,0,1,22,1,18,0
60575,1,179,5,8,1,40,16
18354,1,3,1,54,0,27,2
31828,4,1,2,93,0,45,4
16007,1,1,1,45,2,22,2
31188,4,2,3,92,2,25,5
9937,2,2,7,22,0,38,18
4250,1,0,4,12,1,50,5
38202,0,17,2,92,1,40,14
23203,1,5,7,65,5,49,19
27423,5,15,2,61,2,63,4
21332,1,11,8,64,0,46,13
21960,2,0,3,63,2,32,5
7583,3,3,7,6,0,56,21
18407,0,4,5,53,0,29,11
33903,2,33,19,87,0,55,32
15261,0,0,2,50,6,21,1
17860,6,2,1,33,1,29,8
13941,0,1,1,42,0,26,3
14389,0,40,15,26,1,41,18
32792,0,3,2,98,1,33,12
32346,0,0,3,89,1,43,20
27234,0,2,7,76,5,54,23
17561,0,0,7,25,2,64,44
18690,4,18,1,28,0,42,3
11135,2,2,1,25,7,33,4
12024,4,1,3,22,1,51,7
17111,4,8,2,31,3,32,6
6274,0,5,2,2,0,36,16
48520,7,27,4,88,1,54,31
22347,2,1,2,67,4,40,3
21254,4,1,1,50,3,50,9
23029,3,0,1,59,0,33,4
13740,2,1,11,32,4,54,30
38867,1,25,2,94,1,61,6
19445,4,1,1,49,0,34,4
19802,3,23,6,30,2,59,16
26824,0,0,2,82,1,30,8
39554,2,42,12,82,3,53,30
15091,0,15,3,35,3,28,5
23948,2,0,2,70,6,55,3
168233,0,422,3,96,2,60,35
27268,2,6,8,87,2,27,9
17853,1,5,2,35,1,60,18
31460,1,2,2,84,0,53,13
19879,2,8,1,47,0,20,2
11231,1,1,3,14,2,48,21
17387,2,0,2,51,5,30,2
31312,1,0,2,95,2,26,6
13820,1,4,2,25,4,47,15
31303,2,5,2,77,0,44,20
12422,2,12,6,11,7,48,25
9836,0,0,1,31,0,42,0
13028,0,4,6,42,1,45,10
39708,2,30,1,87,0,29,5
22843,1,5,5,52,0,41,23
23028,4,16,2,45,0,42,8
24582,3,3,1,67,2,54,3
12327,0,2,5,39,4,58,8
57332,1,106,2,68,0,41,11
34735,6,2,4,84,2,58,20
9955,4,0,6,10,0,52,21
12092,1,1,1,34,1,28,3
21753,2,3,10,54,4,53,29
33680,5,38,3,47,4,46,11
29962,1,0,2,96,3,21,2
4047,0,6,14,23,2,55,17
22010,1,48,7,20,2,37,17
19316,0,0,1,60,0,28,1
10111,2,9,14,14,2,60,36
10531,3,1,1,22,1,26,1
34376,1,2,3,92,2,63,15
27968,5,6,6,79,1,48,9
21301,5,17,2,28,1,35,11
14415,0,4,1,42,1,19,1
129314,2,276,1,98,3,51,30
34360,1,80,2,19,0,42,13
30849,4,4,1,75,1,48,11
17089,5,3,3,37,1,27,8
31219,0,60,4,30,1,58,23
4091,0,6,8,11,0,41,13
35916,6,0,2,95,3,38,9
39380,3,47,3,70,3,40,13
8196,3,10,6,5,4,47,14
36455,1,42,4,58,0,41,23
30494,0,0,2,95,4,34,10
31868,1,6,5,97,0,52,9
21635,1,2,1,65,1,31,1
17345,2,5,1,36,7,39,12
14048,0,2,14,51,4,58,27
71791,0,143,3,61,4,48,30
29524,1,6,2,85,1,33,6
683,0,5,10,1,2,54,18
34171,3,9,2,92,0,27,2
54051,4,63,1,54,1,62,43
9718,0,1,6,19,0,45,24
24011,2,16,2,48,2,34,10
33566,0,19,2,78,0,54,14
9471,0,3,3,23,1,29,10
9522,2,2,7,18,0,46,19
32389,2,6,2,77,0,55,19
26566,0,0,1,83,0,35,2
4048,2,0,1,7,2,23,0
53415,0,105,15,76,4,63,40
36114,4,45,1,60,2,30,6
424,0,12,24,11,1,62,37
32539,2,2,3,95,3,65,12
7266,1,0,1,19,1,21,2
29195,1,0,1,91,4,19,1
30388,1,38,3,28,1,60,37
28923,4,4,2,81,1,19,1
28484,1,6,1,76,1,38,9
25421,0,0,2,87,1,60,2
33164,1,25,5,83,3,39,14
12084,2,3,2,24,0,36,7
6714,1,3,9,20,5,54,15
22585,0,0,4,77,4,28,7
14842,1,1,2,45,1,29,2
5326,0,0,2,11,0,59,6
36175,4,22,5,82,0,40,19
8254,2,13,2,6,4,25,4
10174,1,1,4,33,4,65,3
18669,0,1,7,61,1,44,12
22704,2,45,4,22,0,54,6
9821,3,6,1,15,1,26,1
7283,4,2,1,8,2,21,2
7995,2,0,1,16,0,61,2
18637,7,0,1,33,1,33,4
30623,2,6,2,81,1,57,5
10656,2,9,5,17,1,53,13
9517,3,0,1,20,4,21,3
10119,1,3,7,33,1,31,10
21964,2,0,1,66,1,18,0
18818,6,9,2,18,1,53,16
22762,6,2,5,47,1,49,21
28654,1,7,2,79,3,24,6
27704,0,2,7,97,1,56,10
3516,0,1,2,6,1,46,5
32063,1,37,4,41,0,59,35
6929,1,12,1,6,0,22,2
18205,5,8,28,80,5,53,29
2459,0,1,1,2,4,57,3
31878,1,33,2,30,0,55,36
18475,2,3,1,44,0,64,8
46976,6,36,4,90,0,43,20
28325,0,28,2,49,4,47,14
4878,1,0,1,13,1,19,0
24356,4,22,1,19,0,54,26
20862,0,0,1,72,4,18,0
11202,0,1,1,34,1,26,3
17604,1,5,12,47,0,55,30
29069,4,5,6,70,2,44,21
13447,1,12,1,26,1,40,1
6889,0,1,2,19,1,28,4
23230,6,1,6,68,6,36,6
40008,1,3,3,95,0,58,33
28844,0,1,4,93,5,62,5
17090,1,14,4,42,2,30,7
11827,0,4,1,22,1,42,10
23790,3,4,1,64,6,24,1
23829,5,41,4,3,1,53,29
16952,1,0,11,53,2,57,26
20487,0,3,1,38,1,55,26
20228,0,0,2,63,1,34,6
7900,2,0,7,22,3,45,13
31590,4,0,1,87,4,21,2
20580,3,0,9,60,2,50,22
18181,3,46,4,0,0,42,10
10622,3,1,2,24,4,52,3
20399,6,2,1,43,4,41,3
2633,1,0,1,2,1,60,1
32366,2,3,2,99,0,22,4
42444,1,46,4,97,2,35,4
4683,1,0,4,9,5,48,10
15284,5,0,1,35,1,19,0
30185,0,1,2,90,0,56,13
26910,1,0,1,84,0,26,2
28193,2,56,3,24,1,34,15
6716,3,5,1,4,1,23,4
21943,2,18,2,50,6,34,4
36753,1,55,7,62,0,59,17
8228,2,4,2,13,6,54,4
34595,4,0,2,85,2,60,13
34198,4,87,19,42,0,42,22
48322,3,44,2,87,1,45,24
39650,0,69,3,58,0,60,11
33154,0,10,3,99,2,28,4
20567,1,0,1,65,1,50,1
44964,2,69,2,60,2,49,20
14180,2,7,13,34,0,49,28
14580,5,34,12,3,6,41,23
30649,7,1,1,76,4,26,2
15838,5,0,1,34,1,20,1
50379,4,82,1,63,5,63,11
18025,2,6,1,43,6,21,2
48082,1,81,16,94,0,45,27
13077,0,0,1,42,3,23,1
28535,2,2,2,85,1,25,1
27160,3,0,6,89,7,28,9
28591,1,3,1,68,5,43,20
12719,0,3,3,40,1,28,4
5427,1,0,1,15,1,19,0
27177,0,1,3,74,0,59,20
37160,1,31,3,83,4,63,10
23556,1,1,1,75,1,46,1
9273,1,11,2,4,2,63,12
23256,3,11,6,56,2,32,11
24556,1,7,2,46,0,63,30
13602,2,1,15,41,0,58,30
14633,1,0,1,44,1,49,2
37609,5,9,2,93,3,64,6
6877,3,3,1,8,3,25,2
23625,2,17,1,48,0,32,6
22637,0,6,1,62,1,35,9
4428,1,1,1,8,0,21,2
18434,3,2,4,52,2,35,6
8270,1,2,4,17,2,45,13
7286,5,0,2,6,0,43,3
25639,0,5,1,76,7,63,5
22852,0,3,4,62,3,46,14
103130,0,259,3,78,0,56,20
4779,0,0,1,15,4,20,1
1905,0,2,2,5,2,21,1
33304,1,27,9,63,1,63,32
15594,4,23,2,11,1,30,10
13903,1,7,2,37,2,21,3
21051,5,0,1,54,1,18,0
10789,0,1,20,53,2,55,32
14902,1,1,3,41,1,41,10
15712,3,5,6,34,4,53,13
16628,4,17,11,38,1,39,15
30117,2,0,3,91,5,30,11
22638,2,1,1,47,5,42,17
22504,0,3,2,65,2,44,6
20569,1,3,1,62,1,43,1
20172,0,0,1,66,6,20,1
40273,1,36,2,85,0,46,9
26623,1,43,6,24,1,56,33
29061,3,7,2,77,0,32,2
5692,0,0,2,19,3,47,1
33871,2,16,1,81,4,50,13
7603,3,1,4,15,0,54,5
29393,0,15,5,89,3,62,6
9369,4,0,7,24,0,40,10
27353,0,2,4,92,1,28,6
25449,0,0,1,82,2,53,1
14648,1,1,1,40,6,56,3
32606,0,1,7,96,2,46,23
29383,3,29,4,62,1,27,5
14721,2,4,1,36,1,43,1
17221,2,9,1,34,2,34,7
32940,2,14,7,92,0,48,12
20066,1,13,1,25,2,49,22
29827,3,2,2,87,1,25,5
23865,2,1,1,71,2,41,1
47333,4,29,5,94,2,64,36
14835,1,12,6,33,0,44,15
13258,0,1,2,25,0,56,20
15253,2,18,2,9,6,41,20
12087,3,1,1,30,4,30,1
28326,6,35,12,33,2,53,33
16780,2,1,15,65,3,48,18
2750,0,2,12,11,1,62,23
13259,1,3,2,37,3,33,1
34604,1,33,2,66,2,43,12
8497,1,7,5,19,1,45,8
3271,0,1,2,10,3,20,2
50213,1,63,3,73,2,60,38
42045,3,52,2,48,5,49,30
6195,3,0,1,10,4,24,1
31281,2,9,1,86,5,26,4
58427,1,122,1,55,6,41,13
17403,0,0,1,55,0,27,0
7644,0,1,2,25,5,35,2
16753,3,2,1,45,3,20,1
13811,2,4,2,30,4,31,7
14136,2,0,1,40,1,25,1
24365,1,1,6,76,1,38,13
11904,0,3,3,4,1,55,37
30123,3,15,8,67,1,50,26
11043,1,6,1,16,0,31,12
16048,2,8,2,35,1,29,5
26397,1,23,8,39,3,62,35
17263,5,21,5,16,0,59,12
12375,1,0,1,31,2,57,4
31503,1,2,2,96,0,40,4
20481,3,0,10,69,3,38,10
25038,6,0,1,63,1,22,2
13513,4,2,1,28,1,21,3
29519,0,0,1,95,3,19,0
31191,0,59,9,51,1,57,15
14691,3,2,2,4,0,57,36
14380,2,3,5,38,0,59,11
19046,1,21,6,40,2,35,13
21649,0,5,2,55,4,59,11
26689,6,0,1,66,4,26,0
35768,1,3,1,88,5,60,23
31341,2,13,2,53,2,64,36
24413,1,2,3,71,0,48,11
22998,2,0,1,70,2,31,0
19471,4,1,2,48,0,53,5
17845,0,0,2,55,3,36,7
27328,3,2,6,81,0,40,8
34242,4,1,1,98,0,57,1
30179,1,2,1,90,1,28,6
23302,5,1,1,54,4,42,7
37457,6,1,2,90,0,40,20
64658,3,116,4,75,2,62,22
27377,2,2,4,82,3,61,10
20923,3,15,1,36,3,56,6
8983,2,0,9,27,2,41,16
28919,1,24,4,73,1,23,5
8238,1,0,1,23,3,20,0
30915,3,0,1,97,5,24,0
32369,1,3,1,87,0,54,8
28206,3,7,2,72,1,30,4
10488,0,8,14,30,1,51,29
26092,1,0,3,80,2,64,4
16903,1,4,5,45,3,59,11
28921,0,0,3,96,0,51,5
11277,3,0,1,23,4,35,3
47891,2,39,2,89,1,47,25
19839,1,0,3,54,1,35,14
22299,3,0,2,61,3,23,4
28432,5,1,2,76,3,42,6
13217,1,0,2,43,1,19,1
30480,3,0,1,89,1,21,0
23119,2,1,3,38,5,55,37
14405,4,0,2,19,5,43,19
1687,0,5,15,20,7,47,16
29972,4,5,1,84,0,44,2
23408,2,7,4,66,1,30,6
29900,4,69,8,8,1,63,29
5487,3,0,1,6,1,40,2
6861,2,10,10,6,2,46,23
18034,2,1,1,48,2,53,3
23939,3,23,2,32,3,37,19
27229,0,19,7,72,3,61,16
12267,3,0,1,29,0,23,1
24762,1,1,1,71,1,39,2
31461,8,49,2,15,1,41,20
